id,nombre,edad,genero,ciudad,ingresos
1,Bryan Daniels,37,Femenino,Tiffanyside,54663.66
2,Kent Werner,69,Masculino,Davisberg,27545.63
3,Connor Hays,21,Masculino,South Michael,110977.15
4,Melissa Norman,39,Femenino,South Ronaldbury,110175.32
5,James Garcia,49,Masculino,Ronaldmouth,134489.84
6,Craig Schneider,67,Femenino,New Erin,49546.31
7,Paula Bullock,31,Femenino,Aliciaberg,111662.74
8,Jeremy Thomas,36,Masculino,Smithstad,124921.53
9,Sarah Hansen,75,Masculino,Lake Jessicaberg,124696.1
10,Ashley Howard PhD,40,Femenino,Kristinfort,62504.82
11,Chelsea Hawkins,29,Femenino,Lake Ericaview,134611.24
12,Natasha Taylor,25,Femenino,South Michael,83634.9
13,Kendra Rivera,48,Masculino,Port Kimberlyton,20411.39
14,Karen Ross,30,Masculino,Lake Ashleyview,134579.95
15,Suzanne Lambert,43,Femenino,Brianaton,25227.89
16,Nicholas Williams,34,Masculino,Lucasview,26704.59
17,Summer Brown,66,Masculino,Juliemouth,122817.97
18,Nicholas Clarke,72,Masculino,Wardport,119999.66
19,Julia Gates,19,Masculino,Lake Jessicatown,107217.18
20,Nancy Price,54,Femenino,North Shaneside,34773.57
21,Tyler Wilson,57,Masculino,Shieldsview,114334.21
22,Jean Hamilton,25,Masculino,Robinstad,27782.64
23,Mckenzie Thomas,30,Masculino,West Joseph,84595.24
24,Stephen Humphrey,66,Masculino,Nicholaschester,44964.16
25,Sarah Richmond,56,Femenino,West Anthonytown,135764.11
26,James Cabrera,20,Femenino,New Michael,94982.39
27,Kristen Flores,44,Masculino,New Jonathan,28478.04
28,Joseph Rosales,31,Femenino,New Angelica,23870.35
29,Lisa Newman,24,Femenino,South Loriburgh,135886.02
30,Vanessa Villa,49,Femenino,Leblanchaven,27682.2
31,Nathan Moore,33,Masculino,Port Julie,142901.0
32,Aaron Green,56,Femenino,North Jacobborough,103461.16
33,Nicholas Jackson,58,Femenino,Powellfort,88655.62
34,Brent Black,54,Masculino,Beckertown,45559.08
35,Samantha Young,50,Femenino,Port Kelly,60147.98
36,Lisa Vargas,28,Femenino,Jonesburgh,140205.77
37,Kaitlyn Walker,22,Masculino,New Jane,42895.16
38,David James,55,Masculino,Conwaymouth,68511.56
39,Jesus Clark,63,Femenino,Cruzshire,128639.83
40,Kathleen Hughes,34,Masculino,South Aprilshire,31050.51
41,Jessica Brown,38,Femenino,New Carrie,69614.51
42,Anthony Davis,38,Masculino,East Feliciatown,21002.03
43,Bianca Pope,32,Femenino,Cervantesstad,67054.94
44,John Butler,72,Masculino,East Sydneyport,124656.03
45,Lisa Tyler,33,Femenino,Cummingsport,99221.8
46,Stephanie Morales,74,Masculino,Solomonfort,115120.54
47,Lisa Tyler,62,Masculino,Donnaberg,131574.5
48,Kimberly Miller,42,Femenino,Moorestad,104359.24
49,James Powell,64,Masculino,Rodneyland,77568.52
50,Diana Carr,59,Femenino,Fordstad,130987.3
51,Jeremy Riley,43,Femenino,Davidhaven,86343.55
52,Kayla Warren,39,Femenino,Greeneburgh,137480.9
53,Robert Padilla,63,Masculino,East Caitlin,60658.79
54,Matthew Mahoney,52,Femenino,North Anne,62501.85
55,Gloria Gallegos,21,Masculino,Port Amber,47783.72
56,Claire Fletcher,42,Masculino,Reillychester,74694.25
57,Ashley Kennedy,25,Masculino,Stevensside,98735.99
58,Eric Barnett,27,Femenino,Dylanmouth,96555.06
59,Eric Bowen,73,Femenino,West Brian,127780.6
60,Vincent Johnson,19,Femenino,Jasonchester,23596.59
61,Tom Stein,75,Masculino,Alvarezshire,73887.69
62,Christopher Edwards Jr.,37,Femenino,New Ericfort,142538.24
63,Suzanne Hunt,58,Femenino,Scottmouth,91897.08
64,Randy Peck,64,Femenino,West Richard,139830.96
65,Paul Caldwell Jr.,48,Femenino,Tonyaville,68319.87
66,Kimberly Wright,22,Masculino,Hintonland,62707.08
67,Taylor Rivera,56,Masculino,Angelastad,97607.17
68,Destiny Johnson,26,Masculino,Harringtontown,86054.55
69,Mary Freeman,68,Masculino,Garzaton,25357.35
70,Jeffrey Salas,34,Femenino,Michelleborough,50312.69
71,Erica George DDS,43,Masculino,Sarahshire,107510.25
72,Amy Thompson,37,Masculino,Lindaberg,83216.82
73,Daniel Kelley,63,Femenino,West Johnville,77616.97
74,Kevin Allen,44,Masculino,New Kevin,37842.42
75,Vanessa Young,22,Femenino,Hernandezburgh,34421.83
76,Mr. Christopher Ross,25,Masculino,Deanbury,65981.06
77,Sheena Taylor,55,Femenino,Williamchester,63386.63
78,Robert Baker,42,Masculino,West Kenneth,83395.63
79,Jacob Haney,43,Femenino,Jasonburgh,146284.4
80,Katrina Thompson,33,Femenino,New Heatherside,131962.59
81,Sheena Thompson,49,Masculino,Morganport,83885.61
82,Lauren Lucero,75,Masculino,South Stacyberg,143303.46
83,Julie Reyes,35,Femenino,Alexanderchester,92442.47
84,Tiffany Wilson,37,Masculino,Fisherchester,25489.27
85,Dennis Jones,56,Femenino,South Staceyfort,59347.15
86,Sarah James,44,Femenino,Lindabury,55059.42
87,Rebecca Martinez,19,Masculino,New Ian,92949.76
88,Tina Frank,56,Masculino,Port Daniel,43386.16
89,Noah Carlson,42,Masculino,Nelsonhaven,65841.85
90,Yvonne James,36,Femenino,North Davidmouth,96753.81
91,Jason Marquez,25,Femenino,Gavinview,83433.72
92,Martin Goodwin,56,Femenino,East Kyle,49166.06
93,Sarah Taylor,19,Femenino,Lake Ronaldton,23412.76
94,Ann Peterson,43,Femenino,Port Coryside,141135.65
95,Kenneth Hampton II,47,Masculino,Port Kristine,86072.58
96,Destiny Patrick,56,Femenino,West Miguelport,22674.42
97,Mary Li,46,Masculino,Alanburgh,80684.29
98,Leah Lewis,21,Masculino,New Jeffreyview,111015.91
99,Joshua Hudson,71,Masculino,East Jessica,140074.39
100,Paul Garcia,71,Femenino,Rodneychester,143593.23
101,Kenneth Owens,29,Masculino,Jessicachester,126386.71
102,Isaiah Faulkner,31,Femenino,West Jennifer,139092.98
103,Valerie Sanchez,60,Masculino,North Annahaven,34999.0
104,Michael Gonzalez,24,Femenino,Brownmouth,118526.03
105,Dr. Cindy Boyer MD,50,Femenino,Masontown,119721.32
106,Todd Williams,40,Masculino,North Leslieberg,111776.88
107,Jacqueline Hodge,40,Masculino,Port Teresa,141862.82
108,Stephen Wright,21,Femenino,New Lisaborough,135716.98
109,Vanessa Bennett,36,Femenino,New Christopher,52304.04
110,Eric Holmes,43,Masculino,Laurafurt,119366.12
111,Vanessa Stone,73,Masculino,New Lisafort,75913.11
112,Eric Robinson,66,Femenino,Jamesfurt,63216.9
113,Deborah Allen,43,Femenino,Chaneyshire,80120.63
114,Jay Garcia,50,Masculino,Lake Davidfort,110774.52
115,Mark Bauer,29,Masculino,Millerfort,64426.17
116,Christopher Rodriguez,67,Femenino,Joshuaton,67323.58
117,Sandy Hill,65,Masculino,Jonesville,128742.25
118,George Lopez,57,Masculino,North Monique,63480.88
119,Bradley Sanchez,22,Masculino,Lake Williamchester,51411.37
120,Jennifer Ferguson,36,Masculino,Andreborough,144987.27
121,Daniel Cook,73,Masculino,Brandonchester,25091.72
122,Joseph Brown,57,Masculino,West Johnchester,146344.94
123,Kenneth Johnson,40,Femenino,North Emilybury,149456.12
124,Tammy Taylor,75,Femenino,Port Bruce,87693.23
125,Eric Ramirez,39,Masculino,Timothyborough,28139.3
126,Jacob Carr,70,Masculino,Colleenville,135593.84
127,Sara Harris,36,Masculino,West Matthewmouth,36894.05
128,Michael Richardson,21,Masculino,Diazfort,111896.99
129,Nicole Rice,63,Masculino,Smithburgh,50178.94
130,Terri Jennings,25,Masculino,Claytonfurt,24223.78
131,Patrick Glenn,39,Femenino,Allenville,130160.85
132,Ronald Thompson,48,Masculino,West Derek,110955.65
133,Steven Sanchez,43,Femenino,Johnview,122799.93
134,Mr. Dennis Sweeney,58,Masculino,Wardburgh,66872.0
135,Bobby Rivera,30,Femenino,Robertland,102924.76
136,Mr. Jason Perez,31,Femenino,Lisashire,22811.87
137,Maria Walsh,59,Masculino,Stokesborough,27454.74
138,Corey Salinas,59,Masculino,Christinafurt,126465.0
139,Frank Fernandez,58,Masculino,Port Williambury,55096.87
140,Julia Lewis,65,Femenino,Wilkinsmouth,70444.87
141,James Butler,54,Masculino,New Bailey,38121.96
142,April Wells,19,Femenino,North Brendan,91206.65
143,Kurt Howard,54,Masculino,South Gracemouth,99401.01
144,Alex Lam,75,Masculino,Armstronghaven,148266.51
145,Thomas Burch,74,Masculino,Timtown,120346.27
146,Nicole Ayala,69,Femenino,Maryshire,109466.5
147,Nicholas Villa,68,Masculino,Gregoryfurt,131620.07
148,Sara Hobbs,66,Masculino,Johnsonshire,94827.23
149,Kimberly Palmer,38,Femenino,Lake Andrew,62142.48
150,Stephen Phelps,73,Masculino,New Davidbury,133397.5
151,Tony Lopez,48,Femenino,East Carloschester,94372.26
152,Debra Miller,21,Femenino,Davenportchester,77628.65
153,Anthony Barron,44,Femenino,Franklinland,115723.17
154,Michael Silva,52,Masculino,Kylestad,62512.21
155,Sharon Rodgers,23,Femenino,Robertburgh,103735.52
156,Robert Chapman,25,Femenino,Lake Caseyborough,111756.75
157,Randy Washington,54,Masculino,Tylerton,46347.01
158,Desiree Kelly,18,Femenino,New Anne,34180.72
159,Douglas Beck,72,Femenino,Collierton,46125.22
160,Jeanette Torres,50,Femenino,Lake Debbieville,68673.27
161,Rachel Gonzalez,19,Femenino,Port Valeriehaven,123590.44
162,Kevin Johnson,66,Femenino,Lake Julian,141159.44
163,David Andrews,44,Masculino,Lake Marc,126665.05
164,Evan Peters,23,Masculino,New Christian,108653.02
165,Anthony Simon,73,Masculino,Lake Bettymouth,120343.64
166,Eileen Howard,37,Femenino,Donnaborough,106355.09
167,Joshua Harris,24,Masculino,West Charles,70819.11
168,Jackson Williams,58,Masculino,North Derrickbury,36388.1
169,Steven Martinez,59,Masculino,South Timothy,100256.1
170,Matthew Barr,25,Masculino,East Mistyfort,111528.66
171,Louis Lawrence,49,Femenino,Port Matthew,109482.88
172,Christopher Estrada,31,Masculino,Riceview,81411.68
173,Morgan Kim,63,Masculino,Aaronshire,59494.74
174,Catherine Diaz,65,Femenino,Reedbury,78790.88
175,Frank Ward,69,Masculino,Elizabethmouth,105788.55
176,Casey Hampton,71,Femenino,Port Andrew,51854.42
177,Meagan Wells,25,Masculino,Judybury,40267.15
178,Kara Gilbert,66,Masculino,West Kimberlytown,82780.54
179,Chris Bell,46,Femenino,Danachester,83106.0
180,Randy Vazquez,60,Femenino,West Earlhaven,60522.29
181,Juan Arias,61,Masculino,Anthonyport,32371.68
182,Benjamin Rowe,20,Femenino,South Timothy,146711.04
183,Erin Doyle,29,Femenino,East Harry,105312.25
184,Samuel Boyd,59,Masculino,West Jason,55021.01
185,Charles Brown,52,Femenino,Pattonshire,37987.18
186,Samuel Oconnell,53,Masculino,North Cherylstad,78171.17
187,Zachary Ellis,64,Masculino,Kingmouth,39385.8
188,Mr. Joseph Turner,70,Femenino,Carpentermouth,110182.66
189,Janice Christian,73,Femenino,Lake Lawrence,97560.76
190,William Rios,44,Femenino,Rebeccashire,116906.39
191,John Houston,48,Femenino,Port Victoria,77522.16
192,Logan Chandler,49,Femenino,South Annehaven,40983.4
193,Derek Ortiz,65,Masculino,Jonathanhaven,120261.61
194,Nicole Neal,23,Masculino,Mayoborough,43285.8
195,Mary Herrera,42,Femenino,East Catherine,80358.32
196,Joseph Carroll,19,Masculino,Terribury,52591.95
197,Scott Stone,49,Masculino,Destinymouth,149806.65
198,Mary Donaldson,22,Femenino,Woodport,23252.65
199,Joseph Bruce,65,Masculino,New Jeffrey,131562.15
200,Joseph Garcia,35,Masculino,Martinezton,115002.52
201,Erik Campbell,55,Masculino,West Jamesstad,113986.2
202,Paul Martin,22,Femenino,New Michael,35574.36
203,Christina Gibson,19,Femenino,Gentrychester,126074.09
204,Kyle Hoffman,43,Femenino,Charlesmouth,83224.64
205,Colin Brown,18,Masculino,North Darrylbury,47177.27
206,Emily Cook,57,Masculino,Kellimouth,28378.64
207,Jacqueline Castillo,46,Masculino,Barbaraburgh,114953.05
208,Deborah Todd,19,Masculino,North Rogerbury,43737.45
209,Laura Smith,35,Masculino,Kingchester,117423.04
210,Alexandria Stephens,42,Masculino,East Anthony,56866.09
211,Richard Johnston,44,Masculino,North Rebeccaland,57086.27
212,Natalie Oconnell,59,Femenino,Diazfurt,67612.72
213,Vanessa Payne,64,Femenino,Robertborough,56519.15
214,Michelle Hernandez,69,Masculino,New Emily,113304.5
215,Scott Waters,20,Masculino,North Samanthaburgh,145108.66
216,Margaret Murray,39,Masculino,Kimberlyport,129084.51
217,Matthew Jacobs,66,Masculino,Hicksborough,100225.65
218,Lisa Parker,63,Femenino,Johnshire,89084.57
219,Mrs. Nicole Carson,26,Masculino,Lawrenceside,42559.97
220,Sabrina Contreras,62,Femenino,Skinnerstad,119245.87
221,Donna Cannon,70,Masculino,East Ryan,77013.09
222,Dwayne Medina,49,Femenino,Bradleyview,130186.14
223,Brian Murray,64,Masculino,Hoffmanborough,66381.77
224,James Parker,50,Masculino,Amyfurt,105559.43
225,Rachel Moreno,65,Femenino,Parksville,68730.99
226,Richard Mann Jr.,34,Masculino,North Elijah,51151.1
227,Brent Richards,70,Femenino,New Patrickview,126330.94
228,Michael Clements,47,Femenino,Obrienfort,93863.24
229,Mr. Gabriel Olson,59,Masculino,Lake Ronaldton,86048.27
230,Lindsay Brown,68,Femenino,Stuartland,111052.74
231,Erin Johnson,67,Masculino,Foxland,112308.28
232,Jennifer Hayden,68,Femenino,Allisonburgh,143923.41
233,Mark Hartman,62,Masculino,Port Craigbury,115924.67
234,James Fisher,71,Femenino,Port Brookeport,58030.84
235,Lisa Scott,33,Masculino,Lake Jessicaside,61294.36
236,Tanya Brown,40,Femenino,Martinbury,112628.25
237,Michelle Hartman,38,Femenino,Murphychester,107466.73
238,William Harris,46,Masculino,North Dylantown,97244.22
239,Janice Reyes,73,Masculino,Powellmouth,92077.44
240,Nicole Wood,29,Masculino,Kingborough,75661.1
241,Monica Haynes,73,Masculino,North Vanessahaven,144353.63
242,Lisa Long,38,Femenino,Samanthaport,149466.75
243,Dennis Conway,21,Masculino,New Marvinbury,68085.76
244,Kimberly Smith,44,Masculino,West Audreymouth,115088.61
245,David Bell,34,Femenino,New Kellymouth,32649.79
246,Tanya Leach,40,Femenino,North Stevenborough,148941.25
247,Kimberly Evans,71,Femenino,East Christopher,52528.39
248,Scott Patterson,73,Femenino,Bryanmouth,46657.68
249,John Reynolds,49,Masculino,Robertchester,142968.32
250,Danielle Smith,62,Femenino,Kingville,62209.73
251,John Adkins,54,Femenino,South Breannaport,59518.45
252,Robin Cowan,51,Femenino,East Josephstad,86315.94
253,Larry Perez,51,Femenino,New Christophermouth,39530.02
254,Juan Campbell,28,Masculino,East Amberport,22933.78
255,Sheryl Henry,29,Masculino,North Davidfurt,133504.45
256,Kenneth Montes,74,Femenino,Cobbberg,96615.49
257,Edward Davies,55,Masculino,Pattonland,122817.14
258,Terry Morris,23,Masculino,Jessicahaven,53533.36
259,Sheri Simmons,19,Masculino,South Catherine,108324.92
260,Kimberly Robinson,29,Femenino,West Mark,73884.13
261,Janice Zimmerman,47,Masculino,Lake Alexander,125646.98
262,William Davidson,69,Masculino,East Zachary,118004.24
263,Heather Douglas,30,Masculino,South Johnton,76289.17
264,Sylvia Dalton,60,Femenino,Lake Kevinmouth,81494.59
265,David Wilson,72,Masculino,Davidville,121539.14
266,Christopher Abbott,25,Masculino,New Christopher,44614.13
267,Kristin Parker,47,Masculino,Gloverbury,68404.57
268,Brian Mays,75,Masculino,Lake Tiffany,137954.67
269,Samantha Riley,45,Femenino,South Lisaberg,144148.73
270,Amanda Keller,48,Masculino,New Amyview,144713.61
271,Chelsea Hawkins,47,Femenino,South Keithport,67989.29
272,Leslie Day,31,Masculino,Anthonyside,86907.38
273,Terry Long,66,Femenino,Lake Katiemouth,69246.11
274,Jessica Carpenter,53,Femenino,Port Jonathan,84888.91
275,Steven Bush,19,Femenino,Port Christopherbury,130959.07
276,Andrew Wolfe,63,Masculino,Burkeview,50265.13
277,Jeremiah Baker,44,Masculino,Buchananmouth,97263.77
278,Jason Howard,23,Femenino,Petersonbury,96019.9
279,Tina Ball,38,Masculino,West Marthaport,141680.18
280,Brian Ferguson,29,Femenino,East Paul,75765.11
281,Christopher Hall,55,Femenino,Hornton,53959.25
282,Ryan Moss,26,Femenino,North Maria,78579.66
283,Lauren Bell,37,Masculino,Douglasshire,90041.99
284,Miranda Ibarra,37,Femenino,North Tina,128738.11
285,Christine Patrick,42,Masculino,Vargasstad,56080.87
286,Melissa Mcfarland,64,Femenino,South Elizabeth,58129.21
287,Mason Cox,67,Masculino,Port William,146512.73
288,Hunter Johnston,56,Femenino,Amberfurt,144234.82
289,Daniel Sanders,58,Femenino,Charlesfurt,144639.19
290,Michelle Flores,32,Masculino,South Kaylamouth,90209.43
291,Cody Ballard,18,Masculino,Peterberg,148213.42
292,Jose Taylor,48,Masculino,Michaelfort,84851.22
293,Gerald Le,20,Femenino,Melissaville,107286.82
294,Courtney Mason,55,Masculino,West Danielle,36668.3
295,Virginia Ramirez,27,Femenino,South Marthaborough,77207.19
296,Stephanie Griffin,36,Masculino,Amymouth,58558.8
297,Matthew Blake,59,Femenino,Lake Jamestown,145976.5
298,Dr. Kristin Cook DDS,56,Masculino,Andrewborough,23572.91
299,Pamela Mitchell,46,Masculino,Tonyaberg,125286.82
300,Allison Palmer,20,Femenino,South Stephanieberg,115335.74
301,Krystal Smith,61,Femenino,North Jason,143274.54
302,Anthony Ferguson,68,Masculino,Ericamouth,61687.69
303,Robert Sanford,38,Masculino,Lake Paulshire,33361.93
304,Michelle Oconnell,28,Femenino,Brandonchester,20972.32
305,Timothy Mitchell,60,Femenino,East Catherinemouth,54633.34
306,Alicia Kane,41,Masculino,Brooksstad,92394.49
307,Jaime Riley,35,Masculino,Janeborough,84408.84
308,Barbara Cooper,61,Femenino,Jillside,56400.03
309,Samantha Stone,66,Masculino,Lake Joseph,108294.21
310,Amy Mcmillan,18,Masculino,Loriberg,127212.45
311,Matthew Flores,64,Masculino,Hobbsfort,108933.4
312,Mia Peterson,30,Femenino,South Jessicaberg,106695.2
313,Elizabeth Carrillo,71,Masculino,Mercedesborough,109874.04
314,Jennifer Young,52,Masculino,West Daniellehaven,92260.88
315,Richard Castillo,74,Femenino,East Meganside,108927.75
316,Steven Conner,22,Femenino,Lake Denise,143450.2
317,Michael Martinez,49,Masculino,New Anthony,144331.7
318,Gloria Richardson,26,Masculino,Geraldtown,139027.69
319,Aimee Lane,26,Masculino,North Ashley,39877.81
320,Richard Christensen,26,Masculino,West Laurenmouth,110842.34
321,Christian Ritter,25,Masculino,South Dana,43198.16
322,John Love,55,Femenino,South Michael,47970.33
323,Matthew Hale,45,Femenino,Jacobston,133544.36
324,Michele Smith,35,Masculino,East Sarah,42930.46
325,Susan James,29,Femenino,Martinhaven,72401.1
326,Anthony Garcia,20,Masculino,Lake Elizabethshire,123643.47
327,Angela Mendoza,26,Femenino,South Christopher,93752.05
328,Amanda Lopez,19,Masculino,Daniellefurt,93514.94
329,Christina Hampton,52,Masculino,Davidhaven,44137.95
330,Judy Flores,28,Femenino,West Sarah,88834.45
331,Kimberly Vasquez,53,Masculino,Loganhaven,51600.1
332,Gabrielle Jackson,73,Femenino,West Garyton,76502.01
333,Eric Vaughn,41,Masculino,Lake Dwayneport,91197.85
334,Denise Allen,65,Masculino,Lake Roberthaven,132079.39
335,Nicole Duke,46,Femenino,West Juliebury,76944.52
336,Calvin Rivera,51,Masculino,North Chelseaborough,111130.67
337,Nicholas Washington,41,Masculino,Longchester,111547.23
338,Amanda Barnes,30,Femenino,Gloverberg,86207.65
339,Rodney Ward,54,Femenino,North Kimberlyland,103609.05
340,Sean Johnson,75,Femenino,South Aaron,142760.91
341,Madison Roach,46,Femenino,Lake Scottberg,77871.04
342,Edward Brown,50,Femenino,Port Alexandra,54300.73
343,John Rivera,33,Masculino,West Sherylfurt,96180.38
344,Taylor Nelson,35,Masculino,Gonzalezberg,67721.95
345,Penny Weiss,68,Femenino,Chavezfurt,39942.84
346,Felicia Gilbert,19,Masculino,Lake Lee,21883.9
347,Benjamin Porter,38,Masculino,North Erinland,29365.99
348,Courtney Robinson,27,Femenino,Jamesborough,131129.86
349,Mike Kemp,40,Femenino,Coxfurt,24826.9
350,Robert Ortiz,21,Masculino,East Javier,69574.84
351,Cole Crawford,31,Masculino,New Aaronshire,131829.11
352,Michael Neal,60,Femenino,Port Juan,122270.34
353,John Martinez,25,Masculino,Williamland,29968.35
354,Eddie Thompson,61,Masculino,East Leslie,116538.63
355,John Morales,53,Masculino,Michelleland,135490.9
356,Andrew Love,69,Femenino,Mitchellview,106928.27
357,Christina Ball,58,Masculino,Benjaminfort,114924.04
358,Casey Abbott,19,Masculino,East Sherri,146459.73
359,Amber Jimenez,70,Femenino,Port Tanyaside,33851.24
360,Regina Stephenson,55,Femenino,Jacksonbury,111131.5
361,Denise Cox MD,26,Femenino,North Darrell,86673.88
362,Cindy Young,71,Masculino,Charlesborough,95001.96
363,Elizabeth Allen,71,Masculino,East Peterland,87784.42
364,David Martinez,45,Masculino,Howardberg,90727.32
365,Michelle Dean,48,Femenino,North Deanna,32198.7
366,Julie Blake,32,Masculino,Howardstad,29564.92
367,Tonya Fleming,55,Femenino,East Jerome,113804.81
368,Timothy Drake,29,Femenino,Wilsonmouth,39626.27
369,Kara Daniel PhD,68,Femenino,East Ashley,131639.14
370,Mr. Joshua Lucas,34,Femenino,Port Nicholeberg,114846.63
371,Krista Palmer,72,Masculino,Port Jonathan,58853.61
372,Jennifer Arroyo,19,Femenino,Conniestad,138488.71
373,Sarah Thompson,73,Masculino,Port Gregory,135222.54
374,Laura Torres,24,Masculino,Townsendfort,61294.43
375,Christine Andrews,67,Masculino,Johnsonburgh,131780.66
376,Kelly Bradford,39,Masculino,Jenniferbury,35280.51
377,Jennifer Harmon,46,Femenino,Parsonstown,140341.41
378,James Carpenter,48,Masculino,Perezfurt,32916.27
379,Amanda Walker,48,Masculino,East Randallmouth,125099.85
380,Anthony Raymond,47,Masculino,Maryview,104650.84
381,Andrew Horne,35,Femenino,Pierceside,71314.07
382,Jeffrey Glass,32,Masculino,Cindymouth,139245.79
383,Francisco Rivers,19,Femenino,Brandonstad,120090.11
384,Diane Alexander,44,Masculino,Port Kevinland,60928.53
385,Angelica Hines,59,Masculino,Wilsontown,85516.04
386,Donald Robertson,73,Masculino,Whitneyside,129439.78
387,Cameron Howard,53,Masculino,New Melissa,75538.73
388,Philip Moore,57,Femenino,West Jaime,54879.15
389,Natalie Harper,66,Femenino,Krausechester,68950.99
390,Alexander James,68,Femenino,Danielfurt,35713.07
391,Michael Estes,61,Masculino,Port Erictown,130472.78
392,Ryan Gutierrez,72,Femenino,Lake John,48176.83
393,Robert Carr,36,Femenino,Judytown,126417.35
394,Robert Hanson,20,Femenino,Michaelton,99544.38
395,James Bailey,62,Masculino,Sarahside,94419.49
396,Michael Kline,61,Masculino,East Heatherside,40173.02
397,Richard Solis,70,Femenino,North Curtisfurt,76317.27
398,Alyssa Williams,30,Femenino,Port Coltontown,137567.59
399,Mitchell Wood,37,Femenino,Williamhaven,101409.12
400,Maria Johnson,46,Masculino,East Charleshaven,102334.41
401,Lisa Frazier,68,Femenino,Millerland,87107.03
402,Brittany Sanchez,58,Femenino,Rodgersside,79280.92
403,Taylor Griffin,60,Femenino,Christianbury,132088.05
404,Laura Hamilton,26,Masculino,Timothyborough,32208.97
405,Bethany Gross,21,Femenino,West Samanthaland,61305.98
406,Miss Tara Bauer,61,Femenino,North Michael,96702.42
407,William Alvarado,48,Masculino,Owenburgh,113127.69
408,Luis Wright,27,Femenino,Brandonside,110502.01
409,Sabrina Jenkins,23,Femenino,Bakerton,26989.7
410,Logan Jensen,41,Masculino,Port Anthony,42305.72
411,David Herman,32,Femenino,Port Jennifer,50069.74
412,David Bush,33,Femenino,Taylorview,140723.85
413,Emily Murphy,53,Masculino,Vasquezburgh,58650.32
414,Robert Carroll,59,Masculino,Armstrongside,33939.58
415,Marc Davis,66,Femenino,New Kelly,48652.15
416,Barry Olson,60,Masculino,Port Evelyn,37106.09
417,Brandon Clark,24,Masculino,Onealland,28492.61
418,William Kirby,57,Masculino,New Laura,74016.56
419,Paul Archer,23,Masculino,Phammouth,79467.99
420,Sarah Smith,29,Femenino,North Ruthview,29711.45
421,Sergio Rodriguez,37,Femenino,Ericside,94610.23
422,Juan Gross,24,Femenino,New Jordanstad,125627.5
423,Andrea Cole,21,Femenino,Lopeztown,126537.19
424,Amanda Medina,23,Femenino,Daleville,94114.68
425,David Mcbride,21,Femenino,Grimesborough,123830.07
426,Courtney Brown,32,Femenino,West Brittanyville,77673.78
427,Lisa Mitchell,27,Femenino,West Tammyborough,111879.08
428,Ryan Butler,29,Femenino,Lake Nathan,46666.86
429,Lauren Costa,38,Masculino,New Anthony,70845.75
430,Tiffany Carter,65,Femenino,Cherylborough,61221.5
431,Charles Davis,19,Masculino,East Joshua,80173.55
432,Robert Townsend,49,Femenino,Thomasmouth,34076.76
433,Mike Bell MD,67,Femenino,New Lynnport,115331.53
434,Janice Smith,19,Femenino,Micheleborough,132112.24
435,Jennifer Peterson,33,Masculino,Ramosburgh,59569.94
436,Steven Christian,65,Masculino,North Kellyville,52075.8
437,Stacy Perry,46,Femenino,North Joseph,146394.04
438,Anne Gardner,51,Masculino,South Laurenview,96772.69
439,Nicole Butler,60,Masculino,Bowersborough,41798.97
440,Stephanie Morrison,67,Masculino,South Douglas,48666.18
441,Cindy Zhang,54,Masculino,Charleshaven,112713.65
442,Johnathan Lucas,63,Femenino,Marshallmouth,105403.26
443,Michele Harper,38,Femenino,Port Matthew,82792.74
444,Alan May,49,Femenino,Sharpchester,89212.57
445,Tyler Castillo,55,Masculino,South Nicholashaven,128007.22
446,Michele Taylor,33,Masculino,North Michael,148080.97
447,Adrian Lane,37,Masculino,New Michael,141186.42
448,Tristan Warren,57,Femenino,West Michael,54985.52
449,Mariah White DDS,29,Femenino,North Jamesview,96682.25
450,Jennifer Hammond,47,Masculino,West Ashley,98570.17
451,Hannah Barber,56,Masculino,Port Michaelaport,131235.59
452,Jeffrey Rivera,28,Femenino,Lake Mariah,65103.35
453,Kyle Johnson,70,Masculino,Staceyton,123137.15
454,Andrea Chambers,67,Masculino,Richardstad,100488.51
455,Tiffany Houston,61,Masculino,South Bryantown,75939.47
456,Daniel Lewis,54,Femenino,Davischester,99567.81
457,Roger Cooper,48,Femenino,Port Jason,58572.75
458,Samantha Clark,62,Femenino,Lake Kendra,46164.88
459,Cassandra Preston,34,Femenino,North Carlyfort,114733.55
460,David Matthews,29,Femenino,Thomasland,73662.56
461,Heather Conner,36,Femenino,Mcdanielbury,33334.26
462,Carol Reynolds,28,Masculino,Port Bryan,128817.46
463,Valerie King,34,Masculino,Andrewland,41360.67
464,Melissa Adams,63,Femenino,Ronaldstad,38941.48
465,Aaron Washington,42,Femenino,Amyville,34100.8
466,Mr. David Morgan Jr.,58,Masculino,New Paul,41037.96
467,Lori Sullivan,74,Femenino,Stacyton,92029.7
468,Meghan White,59,Femenino,North Arthur,56374.6
469,Victor Cervantes,23,Masculino,East Kathleenmouth,96769.74
470,Ashley Gibbs,48,Femenino,Rebeccashire,110820.01
471,Kenneth Smith,39,Femenino,Erikport,148748.74
472,Antonio Torres,20,Femenino,Port April,129707.49
473,Brittany Brown,61,Masculino,Reedmouth,53445.95
474,Cheryl Fitzpatrick,45,Masculino,West Angelica,98942.25
475,Elizabeth Moody,35,Masculino,North Kevin,69309.69
476,Sonya Wilson,30,Femenino,Josephville,143710.26
477,Debbie Williams,20,Masculino,Leemouth,122879.39
478,Darren Davenport,60,Masculino,Port Kimberly,115423.9
479,Cory Harrison,52,Masculino,West Johnside,72141.76
480,Laura George,53,Femenino,Deckershire,103236.55
481,Angel Hardy,36,Femenino,East Harrymouth,147952.55
482,Sara Fisher,66,Femenino,Gregorymouth,33170.4
483,Frances Thomas,59,Masculino,South Jackshire,129011.23
484,Austin Hoffman DDS,40,Masculino,Elijahview,62116.29
485,Jeffrey Williams,64,Masculino,Griffinland,148121.65
486,Laurie Smith,65,Femenino,Michelleport,137665.25
487,Alexis Navarro,20,Masculino,Port Zacharyton,137961.88
488,Cameron Oneill,55,Masculino,East Michelle,94077.04
489,Rachel Bush,52,Femenino,West Kelsey,51459.39
490,Amy Gomez,52,Femenino,New Daniel,55571.88
491,Ryan Davis,21,Masculino,Brettport,123209.1
492,Jill Mcmahon,25,Femenino,North Kenneth,43535.35
493,Christopher Christensen,42,Masculino,North Erik,84014.4
494,Emily Hughes,35,Masculino,Johnville,50249.62
495,Kimberly Camacho,24,Femenino,East Zachary,71397.15
496,Kathy Thomas,53,Masculino,West Biancahaven,126047.63
497,Lance Conner,45,Femenino,Morrisburgh,93268.51
498,Sarah Butler,75,Masculino,North Mark,38855.0
499,Robert Martinez,19,Femenino,Brownburgh,98112.79
500,Brian Long,35,Masculino,Lake Michelle,90737.61
